<configuration>
    <appender name="STDOUT" class="ch.qos.logback.core.ConsoleAppender">
        <encoder>
            <pattern>%d{HH:mm:ss.SSS} [%thread] %-5level %logger{36} - %msg%n </pattern>
        </encoder>
    </appender>
    <appender name="FILE" class="ch.qos.logback.core.FileAppender">
        <file>c:/logs/prod/stock-service.log</file>
        <encoder>
            <pattern>%date %level [%thread] %logger{10} [%file:%line] %msg%n</pattern>
        </encoder>
    </appender>
    <logger name="org.springframework" level="INFO"/>
    <logger name="org.springframework.transaction" level="DEBUG"/>
    <logger name="org.springframework.security" level="DEBUG">
        <appender-ref ref="STDOUT"/>
        <appender-ref ref="FILE"/>
    </logger>
    <logger name="com.netflix.discovery" level="INFO">
        <appender-ref ref="STDOUT"/>
        <appender-ref ref="FILE"/>
    </logger>
    <!--  in order to debug some marshalling issues, this needs to be TRACE  -->
    <logger name="org.springframework.web.servlet.mvc" level="WARN"/>
    <logger name="com.sapient" level="TRACE"> </logger>
    <root level="INFO">
        <appender-ref ref="STDOUT"/>
        <appender-ref ref="FILE"/>
    </root>
</configuration>